# Each row contains the key of a query image or a comma-separated set of keys for a query sequence,
# followed by space-separated predicted image keys or sets of comma-separated keys for predicted sequences
# The format is valid for all tasks (im2im, im2seq, seq2im, seq2seq)
# For example, in this file, the image with key AoD5-ZB5YrgyClbR5qmG4g is predicted to match with 5 sequences: cl3YA_75V80rPlUuBt4lZQ,yIsIewjSeI1DkkBQZtptqQ,TJF94UPH2WfkLNyI-1j3gg gpfmc3keWikFNxTP63ozOA,XAj2pYvCEkU74Stk0-eVrQ,kuxw6LYN58Z6d9XQnwPbWA blqW5NMAgJLClncWgNpdCA,POhFRuFzpUseUvKODusg4w,HBqLQVfqA89vWXQanDlvbg MgoCEB4wSixVmr2LT7iaJg,6I1Q9IbQ0AeHx5_GU9BVHQ,w4_sUbqpYZSeV5SaqLbdPw and 5f1hTe74Mx_VNoUpaIkjfw,qk-U4gaAsqFr5D1JkUoNfQ,jzv4erLQ4e1gHm7Z_C-zIw.
AoD5-ZB5YrgyClbR5qmG4g cl3YA_75V80rPlUuBt4lZQ,yIsIewjSeI1DkkBQZtptqQ,TJF94UPH2WfkLNyI-1j3gg gpfmc3keWikFNxTP63ozOA,XAj2pYvCEkU74Stk0-eVrQ,kuxw6LYN58Z6d9XQnwPbWA blqW5NMAgJLClncWgNpdCA,POhFRuFzpUseUvKODusg4w,HBqLQVfqA89vWXQanDlvbg MgoCEB4wSixVmr2LT7iaJg,6I1Q9IbQ0AeHx5_GU9BVHQ,w4_sUbqpYZSeV5SaqLbdPw 5f1hTe74Mx_VNoUpaIkjfw,qk-U4gaAsqFr5D1JkUoNfQ,jzv4erLQ4e1gHm7Z_C-zIw
gEhnDp9LMQq4SEDWgyVvQw U5MKvfJYQap0an5B1FTVYw,87iT5CChnmcVVtHtRq5OSA,MUEb_Z4H5bX-r5IJTqNOaQ -znE9Q_f5I4N2KZLU3pTWg,LilEatFGyQ5N821tjNWzjg,T6iMD2ucgMWlfuc7ObjEsw gLI76cNSs8PeHaBGtjclUw,TAD6BKZOqM1e9aEkwdm3VA,UgdrOZ5JkuOmwoVwTgHa0g gJ-hZT50QoP_7JmmHUhRVw,AKSBe_VxmmBFQDKwV1l7dQ,lJSTiYkTnBGWExlusS9XaQ a_CXt5dBf0rgddec8jFn8g,E9rvXTuamw3vkpklk-3-gw,3QY-UHgdcPGfIgab0BIz7g
mguDPMkLcTvYctYS2Zvo1w tbZaLA-dBPXSRqI9HQIYLg,YlX6A2INIOMJRUlwtZwSxw,Izw2zfjdWGhEp5_Ttm1-xg e8xoEJLmbiRJ1BUzgnUNBQ,i5tdgpz_rTRg3Q40Sg1yYQ,g9_oCMNgu2Nc442IG7QNTg _0fFpgb4Qy-K0FK6Y4qM0Q,9NbN7Vn0I20v10YJod5H5A,robjQuZ_BTnu0L_fr0scfA kWd-Al7YBzrSZZEc5ZgiQg,sF2RcWA2BcMGJBm6_mYT3g,JUF8MjsOqHX949j0pA7q2A MBbjtAMrSs8M7b1kpxG-HQ,fvWKgDc2AseEaCd6p8CUNw,s5QbGiXYWJiJCpfU6QcQag
w6nQPJ1fIm3fOn-u1YxOHg 22C6UIMTZeAFZSEwIa6OLw,Vx7d1UiCNNP-xNdbBJkQ0Q,Um33cFLHJORX5oagepdazA 9cv9AnWZfx_XmBsUeAFF7Q,T_V1m5o10DxQWjHi2zw4SA,PGEYHoHxEybusl-2UxYOGA eg2j48yMmfIYAOBvXKbiuA,7CveZSg3T9WGN1ZVhlYxRg,ovKfXG7XvBamjw93LkpUUA uE8NV_q4cYnKogD4xZcqvw,lYPDXGiJeKGOjuBfCnFwXw,MbA-S7409luCTQWU3Gaf5g _U10-URnzmpASs-JpJ77ig,ze_uUo5FUba9ZTg-IJ6z4Q,_g3SDf_5VeNTKdNjoKcpOA
B2Yy55I1GjUJ2fbzMzitiQ 9WfkdGq8azWjhnDQlGXS9A,pRwe3vKl1PhnyoOn38fjSg,uyvJsXVBDM-oAZOBHSA3WA ERY4EyMbkluGZzsTZLr5Qg,v-NY0RcOxZ3oXqGABzyIdg,TtNWMIvynjEpb-fJyh3UBA QuVUbzdZDP3biwEn42o3rA,i3SQcVDu7qf6GSCoOoCaRw,AA4fh-J6WyN64IQdoDRQbA a5reIraYYgiQ378Twp6MTQ,VwH1MfkXSHl8D22AaXXkHg,d2dunRdxTmcA48ndUTapkg prKR6aCPxQRc_QRGExSsAw,SGRdUC4K8r46xrwtbeOXVA,e69hgxRwxAvQo-OaMVc2Kg
NAOjm5gKudDiBXaVarrOng XCafKVOw-LIkQ0b0vYWWIA,z7B6oDgJ8s1dC55Hrzw_xQ,RHWYabTFgZtoHALPp01d4Q w0t_rzuJu5nuKQAYfTGekw,pwNqJ5CurQrgAurzGu_TiA,PnncVLUg76CDngM7ZRQ3Xg yXwjEcU1CP8BhyYszyXidA,VQWIXoDEn3EPjJL2IV2DgQ,Ctjo3BbRxcNusi_HuIv_Mw Lqjc5vYEGPbVf3GYNyV4cQ,fvj6kMXCS7uxvOkURO60Rw,2pMM6IFQv8vIDmxzBatFbw y7lPMk6LxJDKpZqB7SCw1Q,5KsHFGMXQ56fxDbtavzKBw,2r2ya7nUQcdrrBneej6Icw
2iXgOqFJhlC9sIlkiuHX_Q yKIum8dnPKO0cbROTb3Prw,dRD1sLE29c3gaOL4gSYRrQ,tQFoN7zvJtgTrIbOP_PDrQ XJOrgyN6KphVlaMIauoS4w,KVrl-k3jtJKTuN1flwt1tw,g8m-plI-c-wgvvpPA8wPkA I0_EWc2kP4OCyyWlb1Uuag,vlvvazWrPxK0Efa3XRpkXg,o7s5OjR27SNttsVKwZWXjw oAmcT_sksI6GEOG660ZfBQ,cqAumMHg01TfNKWEFjmchw,vBgAeK0JFLVclmffPDR4tQ d2zFiX9qQjUu7UEXLo_7ZA,QjY3ayEK40aA1X7OCtK9VA,QODXfsR707umXYRqYWfusw
tiziXQrSyxSSXgP5K_oDIw nmXVBlef38yg0iWFBCA6tg,GfrCIIEQ99dTsnvrxqJQhg,pFuraP1Pbmon_cgZyf4idw 6WlvT6rYXwTX567snTd_xQ,NE8axkdeMjmg1wR-ziS9uA,n7_dyqBxcC4JHujmQYMzMg 4vHXCcO0OyfzKXM5M96ceA,WSCXUn52VH2gjf8Xtjffdw,MgXCy1TDB7MWSeOaq2AccQ jnrCrpo4tOIfD5fGNO3kAQ,QxChnTgD0Ynmu7lA-AvmEQ,djIUwGE_-xzQ4blI9CLLjg -e_JtzzeYVVPYQvdV7bHyQ,FlLPBpQkyeRtwWrudFybNQ,CXTPW5s4Dbafm5U035ajDg
968Jv-kySmETHa9TT1Sk3A U905Br6rkSu6cHKG3IsSDA,AnBHGSdcVBJF9G2F_FOMBw,VIqf2FebNYA_xzTprbLg9Q mWd-9gBGdvHBRSoccdnr9w,r8ZTbQfVeKDeij-Ul1eT9Q,OAOcwxti5kqVnwe69Ii1Pg tQa7CQK8nn-lSCUpgyJP_A,aGnv2nC3fPkJWtY4Wy3jlw,ZXnAmn1Gm_elsHBYj-L4ZA x8RffuKGTHVAevwnJewHyg,EpCcriQ75UftfsB5jyhd8w,dBN1oBye9YWxJiG75Ix5pQ obpuWSSrPruRQcQGDkQ97w,eUPrs-dfS6QqvWpzP2esdA,dnP5DwRmcJltHEPlTdREfQ
ELQG4atsur8z5iunKpKKDA 945arXW7ob3UNcN4sl3HNw,v1qoYyAjzgpMzkTVQz_VxA,pOoHPkXSlqtofYFlDqqYHw QjY3ayEK40aA1X7OCtK9VA,QODXfsR707umXYRqYWfusw,OU-22pEuUnB4F7tGtLu5Xw snbpbM5raT0TbVbvsMhbjQ,ESveOI66cLpDqBBnPLxzTA,3v0_3g-eb7ALFAg9A1kb-A v-pnb47s0duAtaTTKaQoXQ,S80smJEfd8wxCEg4ZoCUOA,DV_UGk8XNSFq0oo-FBTySQ _g4vJfbC9OXgqjYmnSp5AQ,o1I7_E7_3abRkH_ThGxZGg,_Riah8I7SlGO3M-4DE01bw
GWlcqW_zs5CsAAmTKvlL5A uQvE2RT4SmhMdQAwOPttWA,gMIDrjUdHb7H_lZQyuD76A,B5TdtjWomWMba3FQI8TNuQ TahfRAJ8B0wNYHBUEHX6ig,D6TOsnQZpYChHZ1MgDB3KA,yw3DPyQ0-31XyB_wUEZbHA dJI4LZIxY_v_VsJ5wDAmVQ,nZCyTC0e7UHIimuTNA3UBQ,mxuxa0JG-bH3eynGYoWnIQ -z6WflYseHrnjoD5pR1KYQ,8JWeZ6JkVJdtpivZGWXPKw,HbSFWJ6OaRc8HMV5iJ-xUA eg2j48yMmfIYAOBvXKbiuA,7CveZSg3T9WGN1ZVhlYxRg,ovKfXG7XvBamjw93LkpUUA
620KHNDrjW0Guluw9sdPcA HABCD8fDMgcQaEA3QZITPw,JHNdCyfaQCy3ZY3LS4pbgA,WSVUI67iCIkgHsthJVSWXQ AtK4MKwAONBzdOHpdhUafQ,Nld17N6VutVZ--BC0ymiTw,K0_KBdqha2Efslu7r87nBg 59tIMeF3OEbebki90DbpqQ,bTNdLGzrQhw90E2jTPNaKQ,F-ceRSrfUyglKooVYFdFGg 3QY-UHgdcPGfIgab0BIz7g,tA4UXKuab4RNYuV0md6KrA,EZ_pVI4n-ieBfrcbeVxzuQ J96onpz6Rrm-1XcBdX47tQ,6K1D6VKyOwlh5m1RmWXI1Q,fLFj9kUJMdwBIbUHOrs6Vw
CTm4KgNf_MAgVRH9VrvPvg WmDmfw5algQXubPA6kJaBw,OdHHqUQxExZ9a70bO2thIg,9NHi9JfFHnnWuVFJ84qTdw UnkzzqDvcXVl4AoQPrvErw,YpFkjs_W2pwQmYZl-98txA,TxokZPNJrQ8CyPUVpkhCYA 8SqUNReLM2F_gZTlAts1zA,yCCYA1QASB2_CMo1p-bq3Q,eIrHgrHVXLcsiD-9eSSV1A cSw880-zwhJqS5zsT6ItZg,5ou-LG_16w44vYa-SD_XzA,einuKqEnz-6mEmC8EHmqDQ AJg16tKLoipzNYBuTcw_uQ,bUm5TIfVS4zDZenibBXTcQ,8zX03z7IiVdVuAmEzCkBWQ
f5a7BKTDdOD4GYpnfIZWQg p5nofCjR1d1bzuJG1KXDUg,CagsDKLZgJ4SgN1-CTjXEQ,acTGSGZ6gM0QT_VgUVSkow 2AJ6kHCsE48TTzHS7X6vFw,3jwViGmMmVhTzEUB3nS45A,HxKZuGoE6JAY_2h8dbdf-g vuUsh-U-wsSSBaEwOQ3ypg,KYZ_0KV2kttaIHqmhT6cjw,LQztdbYqxpeFOtiAj6v0uQ X5AQ0qAxl7Qef85WkMSzLA,LujjKmaFeOsbmYkFwwrF8g,OUwjup_zwjLdtGOet3h2Nw 2rDzJUNQ79TZwtUUbhnXgA,gd6Yf_MkWU89CiwdmQMvIg,snbpbM5raT0TbVbvsMhbjQ
yYqQFURdzD3fCOfNlkqpiw qRtla2qsDCKEZMWY_vroaA,9F3VaeJk5oBoufoLa000Kw,z8s-FI7hajqv3exQ53Z4Ng 31KbNMQSKoeIb2Kt0eyTNA,qdM0qjTwBqGb4MIHV2PH7Q,26lPVRAc3q8x2-oDuSghnw m8LlgIRv_abzsN7UicLbkQ,yewjSE_GcxnLSpWcci57eg,JHo6nVZv6ZXJEmgH2_VYug -xoGjs74KfYOoct0Gs2DIA,v41d43ivC-azVIuFD9RADQ,WOpd6Se-8YwCmAKxhKXh8g ni5k0nsCzB7nHdG-8ygf8w,ksAMD6x0aMccibx5NE7wMA,bpKfnGE3i8mCXUaq5-mxMw
ba74my9P6S7Ams245UlWpQ FI-QnKoQsaZl0iG0TzB2xw,_E9Z2QuOx4Q203a03HaNug,jQtKl-n9d8JLccNijAPVAA yEnum6grmvSOFXnTG4IpAA,53bbXmgm_cz_armcB3lPKg,m0u6DmaxMAEGLUqjVbMiQQ rufxKeRyt7H00f4I870cAA,eQNjTDwwYyy6e_txjqWzrw,NaqD89VwV9RHCS58Zv5C7w tgZ20hkuRX2D8DCxFplWPg,ObtKO_luVeO49wL9_dH1uQ,r9f8rYxqQiI4mvUg82lMOg KP1kYqzXP_b_5Kc5nX-hOQ,REFqcxycrOtgMXDwddeKLw,RPQlFh6cUE1Dw0u7ayKjjQ
sF7kkK6lpK__hJrPT6_2Ow oVVxOu0YufaLLX10wDULeQ,theG8eMEGQ2FP_aqufGNmg,s8NO93pjWKW7vxXno8Q14g m74OewQvCJ4y-1QswBH6hw,1tsWgCU8o-1YxjqAE41lZQ,_kXYSuNp42P1nua6wNSMow ozmSwIM3i2rQiAB5gwx4iA,4gSfHPjUWoeh3JrNtwlRpw,BZJnlgsG-MDdqXcsxVY4Yw 2ETaurk3ctmTyGnNxlPrBA,ju37eaSOUjTWAClRlhKRHQ,-wSegV4X8MTvKuzL3BqNKw 9LZvQNf4odTJBiSR7dt9Pg,p2Lt5xXLASg2hWqyZU42ng,FTNT-123hD1HcBEVkOaNcg
tW2CaxAaTwRlaBxSywOOow DzwX9pxKT9Zqh28zXygVSw,oVVxOu0YufaLLX10wDULeQ,theG8eMEGQ2FP_aqufGNmg 02vYb2OeJqdfN9yb3707ZA,nkl7Ri0ZBsvy1h9-lqZo-w,HTSHnyXZj20ZZiGcuaidmQ sCeLtQzAYTFsYQEHChNXqQ,I0_EWc2kP4OCyyWlb1Uuag,vlvvazWrPxK0Efa3XRpkXg KnHSAq5iv8iUC4mI670LTQ,IScqcYXv2z9ycwnVRKnhRg,3m4KZHqLS5k1_zgjR_QPDg eZmNa-m2Gm3dqVZJvXxGlw,zGbx6wLWtUd1LfsWbNTC-Q,v4ABTw4RgVphVugEe-4sBQ
RGfHd10Cy9AyQVHmQQ5bJw JXWTLPXeYPD3xpEkHwMfVQ,Z5fe4ygdIlNuMLnHGVu8Lw,C9BA8Njcc0ncUy7CQDkiFQ v1qoYyAjzgpMzkTVQz_VxA,pOoHPkXSlqtofYFlDqqYHw,hJ0za8wNiPxDU0N0p3mNmg 4Cqh7Rce0dH9wzvXFNoNrg,ZqBfdvTHtMa3imXmlJ6PqQ,__k9IDcc84lrDZ2r1ZJxmw AQTWTXawd-R4RE_x6ys8GA,nwCulj7CZ1zDerMG8x0cNw,-k_7Yoh3M1k77VKRHA0feQ j8sfWypK3oRXZ1yEjlKCcA,Kyvykkga7SRxpt5hwJXFKQ,RiXyGP3KTUWbhxMOv4ENSg
9REGz0oTast5cSN_wqr1Bg wlN-gNrC7fRICU4BXq15HA,K_OAnAPCoc3U0QHnBvh5pA,-9f1wAj2eVNcpQALuu-z6w U5MKvfJYQap0an5B1FTVYw,87iT5CChnmcVVtHtRq5OSA,MUEb_Z4H5bX-r5IJTqNOaQ M-rVMjTLQvU8AAIabUFdKw,gLI76cNSs8PeHaBGtjclUw,TAD6BKZOqM1e9aEkwdm3VA XQ-u7qifVfsL9fNcAVVlog,87RsQJLCWJ9YoohDf7qgjg,sBH0QHXV755pHwI04q1x-g POhFRuFzpUseUvKODusg4w,HBqLQVfqA89vWXQanDlvbg,HNF1w44y3kWRqTDinfAxhg
pVuhyA4LowviWUqD6g8Nzw koFItfQ8rgtfHGn34bBBBg,_B5Vcc8_yBbkm6NHu8qpRA,uFFfxc-tJvizn8dH-QSImQ S91ME9L9CF7BUCHlkkRI3w,Mdh7lNZSDhcxjyz-mpnRYQ,hkalXpqbezuQq55OqiWZcw N2XMGtLNvA6prM40xwpd8Q,5hJrSztFeaGup3NhNZhzFg,5rRjhpDdxrDSKsoofsYwBg fLQ6BdxHohLN6TtY9dBo8g,BL0vItnGojroIZ7GLAzCsA,qOqH4QnVWlHl3pauTf3U8A V1uQ3h9vJpeK_QswKvFXng,LAcrzmP7Ki8f6w1J9ij1DQ,jnrCrpo4tOIfD5fGNO3kAQ
Ut7sXql1pb3D4BDcHZEXig Kwk3NKBNrAaKc8zR8ZnMdA,LcjBmBFed7gPJdEumuPBqg,lWGUFq38hDz0-BVAwdlZ2Q vpYkiqu8mwJv0M1vEjwR9Q,eA9eqen3ksb2gGIvRj6CkA,_fDyM9xVxl-hzpB3ByxgDw AA4fh-J6WyN64IQdoDRQbA,SNufT1tM74K5cohJiIOMIg,OjB31hSYBrx5jv2ADlQQCw Dv-rrd3tsEl8mHsdxHL7Yw,AeIp2lX_TM7RQpO3H_nsHQ,WJnnnEtuWMlAwrW7J_OmaQ P82MkEv-nDhhlGhcl4F75A,D7AfECaKEAxA9u4EgrOTGA,XDnQhw97KVTAtTGvIANbbw
wyvmthBFpugKRjfzYXfQ8g aI_TzrMiP7F6GSizKn90GQ,XaBAxC_QI9FFKf4dSEc3mw,HmUTQGRQvm0l_3FZ4-kdxw nKeWWLkNNos0WHw064Br4w,nSi9qI6I89Ts3JgsP-xjOA,KnHSAq5iv8iUC4mI670LTQ CnNXnbbtkODp69QuMNxuPQ,NbpQfheluqrWmaYZb2t53Q,7OVSvTBA9pkOlk7JWe67xQ 6r6JipsODMZUWNJJlaZ8rg,DIOhlTj_0LvS0mTcg0XdtQ,vJWHQCamZUMx_QNsSkwbRw g09yeEbgmJsKT2L6MSoqVw,lnylPOfi6FPAOwPGRLINrQ,c0ssGeI2RKK_9jBK79HA5w
9lMO0-XBONjsc4FRoG3v7g goYGIvcWr_Dj4vGGuqBkHw,Q6fEiq0b09d2T-1r5v4yxw,BTLrNP8dfLV3NC1FDsG9bA YJGyxYOEJ0evqS3XokKeYQ,k47-cS7sCbAl0vY2ZHZI7g,Z6Ac9P482uNVkXTxb3tlYQ loJM1B4E2Nbig3cHckgztQ,SxPSZjRD8tIoOod5V99vfg,xR23su9tK65NAeSupZ0uTw 0ovLGU2wBNPYJPZxMDzD7A,ikmNc1SoFqakhAdWEMKPwg,06NM7hCEEX97KNU3berYTA -M3omN_RQHz7Yu17khrhRw,6-JMZ7Z37miuBUxJdprqXw,1rpSOGbbVJk8YL-IEPH0gA
Qj3joWoGF-OTYc-BufYXFw A8aOPCbvdOW-M3kiAGCAng,0-4m0jPfiQAHj2iyda31pw,OfPoMAvxDrsyckapEukcsA PpVGycTA6eDrJ-HmNF29dA,zGCuPDjEsQ6_aOVxorDxsg,f28VP_NseWN9Q8rFQCiFxA vDRdx47xA5IhfoA2FJ9osQ,9BeHUR1JSeJ8wt2xgQOHmQ,2TCPB3uWQg18bKzkFE-nzA 06NM7hCEEX97KNU3berYTA,-oWuFFUil7bXSMPMaeYZEg,xaSgkmtfYGVWvNE3Glb_mA fLukxWqJow5WAiu_2tW7Qg,RHm-AKdBb4FhXTjQ58rXbw,lraddf7v1uxQy3FVSBZQdA
6miGWeztsxNjbRPbGvbQEw cSlRXKvkZibckG1a56wg2g,gqBeL6ziBKw4ds3tymti0g,6UPSS0xP9iCLyj6dGKfFRg -FvImgTeYcI-bUPW4QDJAQ,ahZ7GnVkkaS2r7rcwAeUHA,4z5O1I8mm5hK3pSHSZalxA JUF8MjsOqHX949j0pA7q2A,xKKsDtXlcuxsMrzkGDOLLQ,Nb23oXuKFPkAn6nFUiTrtw NkcQpc8Ot9ePeIznWiwGHw,FS5GG11COwkOA9DgY4kWPw,pEbFKQdyJJtuwECidqaF-w -myaeMaN47Hwo6yoyFjyQA,7z5zFmrrgCXx7FDgWhY73Q,vDcnVrf_WXK4knfV_R0Z9g
zBFtOcckIObqezgnLbCygg SVOV8zq7S9Uh3JRsvfZbLQ,aZCMNXB0DPYNnEHkAxqPWg,pgmypj0JmYve1U59cVq5KQ 3g-QpZyFZxImdI2n1iwRGw,OFa3dxD6wyLK7TvQqAd13w,M3MZit3wLv7TDLBn73ln-Q 61UHwNFrhwVlFWq84nMdKA,bA4arDSHMuXla_GbvY-Deg,oH9jQ59xzku70les8QG5GA _fDyM9xVxl-hzpB3ByxgDw,wUdMeoYn4CyuUA3WPFFHuA,EPWIBy53gPZXWhJQPKPyIg O-6lu8xJM3nCdSjj3luYPg,9EOLh6wppiDHnhLtXykVAg,IJVZJe4qw9XkgUiJ70oPnA
crDWEGJJWffLKrSeUUgTOA y-VJC9VFXenHN8tYmHl-mA,ywQz2Q0M0-Ysgbyyubvlvg,blqW5NMAgJLClncWgNpdCA j7BECZQEaLhZCK6Tn9KEqQ,B4Y7qqCP-8N9xPjZ1pj0LA,56kgw0xoLbK4aolDWKul5A tnkGyGbaHzA1ZDWuHzkrJQ,0frF5uO4t4sUzdQYxRNhyg,EK_v4t0Y_zJRaqMlpuC4gA dLhgSQdxjWRBnliJ3uFQWw,6-QFunPWy1mTMjr3QaYn6Q,GNptzi5Ng1wZCUCa9A4w-w RGqrzVSzrn-UHzE3y2HG8A,TY2QJc0eKDb3LDCmU5_I8w,Fb2PYyxcl8uLykEd77syPg
n2SFxrbz4IOpFOF1STQRyQ 1DZGje1JsTA-GchyLdIYHA,bEhJbwPBkFe8CoMKjb3YQQ,x85mmbOvd-zoXtC-jRq_Sw YI51HW6sPKMUtqvW6lrPgg,nasFFzvQxcTDsmOZODGHUQ,2Hhwpa6IZQZV0wkfguFzww qvMsNJzvZ8Mq45aAEV5-JQ,QiXwMqU--ix_LBB3_MsEWw,sCeLtQzAYTFsYQEHChNXqQ BhanBOGdgues74xWwQFPXA,ZSl4OcMUWO4l16pY9nes9g,Gd_ni5xx84RvHArOkb8eBA GsL-m8lUwRq-PQcBuNQrNg,JAnRbSP21kwQA_AlDzEZWg,KFLm8eiW8RTX5cy140Vbpg
bO8xMG-AZzMiBXVPCC5FgQ KESHTJntdvuDZ2W9u5-jhw,paZdiZKHRSzIrcxYvtKhDA,V3roHU-KJDJBEZRrNaYtzQ _1TfbKjbp1qDH2WOtgtYJQ,Uus5qDCHvC2FV8UO7nYrQQ,4-amN7nLphQF0Qv7LEKCqQ oNChaG_F_ciK2cgDgEWXzw,N6HvUtjXtYKb7YWZlFOu7w,dFZZXyeFqympsXnkjbwHJA tauzPUGTiVlNEpvfeUthdA,GuRQ1DAZt8Q8m5uGzXcbvQ,-e_JtzzeYVVPYQvdV7bHyQ Y79Vfvcc77_8bEAb6qUz_A,6NkqoXqcLaqjy8oBuDQHLg,jcGOP2oud-9tpRzvGYJmpA
ZPac2KwIvX-SaEacBGiaDg -e3r6BMLJ8_GyJe54jSC0w,ldBLpaumUAIDeReH4ieU_A,Br5yAleZj8aR1smfLGuyag PYKYLRRDSxyDbpW_5s1w6g,sZobLpb9gELfURNJL1IjLQ,DmPxJGYMRUkKV8SUYpYfrQ yKIum8dnPKO0cbROTb3Prw,dRD1sLE29c3gaOL4gSYRrQ,tQFoN7zvJtgTrIbOP_PDrQ dptFeoTeYBtf07eSdNTyXw,XTDLFnhQakuiTK8-1AlPkw,R7wgYL9KXWg0WWCxPhhg4Q w0t_rzuJu5nuKQAYfTGekw,pwNqJ5CurQrgAurzGu_TiA,PnncVLUg76CDngM7ZRQ3Xg
Ik0KkGmyjCoBEybVt4LpxA sBH0QHXV755pHwI04q1x-g,iCvinE2S1FLDlXUSt44QsA,gMU73zK8qiwHabEaqcsXDA xXwtsdf3aS9jpyZ98Bb3Eg,6X7MCK6Ay2ZoK7vNktlIJw,yKIum8dnPKO0cbROTb3Prw 1loIR_uZQwTnzqtuxysZCg,9GYKSCBsIluFh8tqrm9QNQ,6MYeBgUy7I0rulIOvQvVqw nS2RrpQ2HFm47eEm5VSSng,-z6WflYseHrnjoD5pR1KYQ,8JWeZ6JkVJdtpivZGWXPKw AQTWTXawd-R4RE_x6ys8GA,nwCulj7CZ1zDerMG8x0cNw,-k_7Yoh3M1k77VKRHA0feQ
3fv1t6uodhDbD0WZcliJQw oAmcT_sksI6GEOG660ZfBQ,cqAumMHg01TfNKWEFjmchw,vBgAeK0JFLVclmffPDR4tQ 77nu3ZpgQ7S4k9pznqnYNg,PlkB48E2Sj6zEwKBrG9O8Q,Db242MG6NDoBkcSRphhEuQ tpupEGRUE3oPUjVkN6w3aA,AqE7SxVW0AEm-BSgHTOoHQ,eEQjKE1kIptRPc1wQxD7Kg 1NXhZi1V5VT90OIsZugjAQ,l9PRmJIB27Km15WeZnE-PA,e3v0ufvDOB1xTU4Mu-NZfQ HNF1w44y3kWRqTDinfAxhg,-q_AQb__O0Uq6M3N1R9gSg,qKyQSOofL0kkRMbZfbjy1A
3DDQxtb15zgKHlJEW0xzjw x85mmbOvd-zoXtC-jRq_Sw,5G-bp-j8ujPNtlRKJQYFkg,N19SzfDHUbILDy7i9YhiRw GLyuI1HTjfBU5mPkyOpROQ,o0JWKMDSZfKONc_UB9bTjg,gXdboJ-Mt2jxUw_FS_d3Bw 1loIR_uZQwTnzqtuxysZCg,9GYKSCBsIluFh8tqrm9QNQ,6MYeBgUy7I0rulIOvQvVqw AhCltayBy4onQUTGZOvTtQ,yoWJSQyFkaoKvENYDDGOyg,mOaoNbmvyKQTpaw0fM1Nhw POhFRuFzpUseUvKODusg4w,HBqLQVfqA89vWXQanDlvbg,HNF1w44y3kWRqTDinfAxhg
IiBApcJewAYc4IAziTkRfA x2N7SsCpM7jzUxjYU3oQvA,orbYs0aQY1hxkR5woiyNLg,ikXsp3gGWbHhL7WFo-49fg STP8AxkRaxj1ZtlqTW7Tng,6DVVQsG91zumrVJY5AGeTw,ke4hWoDUI335sRD7G9PuBQ 300R7m11L_KDkZdV3Z7ngA,B73oUrC1VE2gNDyxcV9bKw,78k3ZlLXciDQ2a8NYIu4wA UNVCMO6zgL_VtgTdGyj3zA,60I4hfpx3rp-chtfIJzTSA,YBAuMkoWhj7TeThYmDmY0w x1kQ_3YIm3ZC4m9kmDrc3Q,YBIE9dW8tsNcqqcLN0tu4g,PNfoUxQ7OFswKVfapH7xgg
YOqqTZ_WDMs0x_S_7tXQuA NQKIfJsgFcW4guW9qIeJBw,zGfbJmL1M_dsqbe0zpAQVA,mps38lZYJwVNEd2x-DhaOg RXltLS9xRyAGne2wszlWGg,h7HUi-BPpdmh1KGYeY040g,iqy0xHVyyupLhUJBwBq_pQ zGbx6wLWtUd1LfsWbNTC-Q,v4ABTw4RgVphVugEe-4sBQ,OD6659cpNVsMhw2VBLSZ6g -y7MlMnHLqBixDps5DeT4g,BvoyYMKX0udXA46Fov69HQ,VuYsv18ZnQLl1ynXnxY5Uw iWrJ6iYfnnns_M9_Xs4xAw,YJGyxYOEJ0evqS3XokKeYQ,k47-cS7sCbAl0vY2ZHZI7g
8jjureT7fHlvTlZ7ls6ffA ABzL7fA_L2XxOZzQ-V5Rcw,Tm44mRLepxduFTjgE1PadQ,0swdMh5PSvrf5m8R-0G3Qw mWd-9gBGdvHBRSoccdnr9w,r8ZTbQfVeKDeij-Ul1eT9Q,OAOcwxti5kqVnwe69Ii1Pg gUYHFcg9h7B5SY22zWWgbA,yEnum6grmvSOFXnTG4IpAA,53bbXmgm_cz_armcB3lPKg nmXVBlef38yg0iWFBCA6tg,GfrCIIEQ99dTsnvrxqJQhg,pFuraP1Pbmon_cgZyf4idw JUq7ecerTB7Clnu6vQh8qg,vSuZLtGe0NmS9bt80hswsw,AAWrdk4bT1tnPl1kbLq2fQ
Aj81gKGbPhvbZ6DzLweaKg 3pKy_5tPgLiFogLtITpTMw,_qrGgks1xO69yIs36MXL9Q,N4qWJEBxxAQhyfDEK7xeNA 2hgRts8v-mMpI_6dsxwfVw,XfL5btkDEXMOvKmriBuD-w,B4ZoDccFRQC2ZXPW9KN4qQ PnncVLUg76CDngM7ZRQ3Xg,ByyGjro0IchP1s4E8XgATA,RpPSjh_9qQhIAi6qMX55eA ywis1tUX492Ac5gZca4dqw,tqXpPDRqayvEBqSQTFxyLQ,m1QJ_v6mE3UWmjxXFVXoCw Es6a-zsJHTI9_tzEhA4flw,Pa723GqblARwBpr-IDyclw,ORL4lecOXhYRbWhwtnFZ2Q
TVdxnUvtrnH3bz8Jm4GlNw klnxkDzICuJNAGx0eqtF_A,MBbjtAMrSs8M7b1kpxG-HQ,fvWKgDc2AseEaCd6p8CUNw SVOV8zq7S9Uh3JRsvfZbLQ,aZCMNXB0DPYNnEHkAxqPWg,pgmypj0JmYve1U59cVq5KQ JHNdCyfaQCy3ZY3LS4pbgA,WSVUI67iCIkgHsthJVSWXQ,HcAhZGEAW9qkm540KalmcQ TO77oJ3qp2K4FENNHaQzGw,hvt-PMJXLrAl5AmEqZQBAg,SN8PT0N56HGfua8Q3FbMnw us7AF36rzFnmUV8fNm3S0Q,77nu3ZpgQ7S4k9pznqnYNg,PlkB48E2Sj6zEwKBrG9O8Q
eWuHvsWyz79cOkMjKbW-dA yxlElZdkiUq9n7k8xHdQBg,mP7hWYF0LOaI9p3s_EQHXA,9MVujhYT_1OaPfhzL6WwJw MEK0CDo_hnINbv-9OE7rHg,-2qvq_-L6hZzfft09YzKew,64uJ3UFe_m4trWjsMNaNFA JSDjNocl3i4QRYNPx_K9zw,cVAKm9DV94UnXrv_wzxoWQ,iJsskJWNYHT_asSUnZesGQ 8q2u6Sy31tTp7aUGIuAkyg,CkOMsEnW4DoNXo6mgOX2rg,uFRPRbYut9cpS5HpeLObmQ 02vYb2OeJqdfN9yb3707ZA,nkl7Ri0ZBsvy1h9-lqZo-w,HTSHnyXZj20ZZiGcuaidmQ
2yniPTc-dEzhwZJv4SIUhw dJI4LZIxY_v_VsJ5wDAmVQ,nZCyTC0e7UHIimuTNA3UBQ,mxuxa0JG-bH3eynGYoWnIQ N5uZQ1yEU9FwvPDOBujv9w,JP7dL-4jKqMBzYEBsIrwNw,JSDjNocl3i4QRYNPx_K9zw T_V1m5o10DxQWjHi2zw4SA,PGEYHoHxEybusl-2UxYOGA,E9lw46RLiZS6uHxO8UYMtg q6IIRWAFzli62cPlwfZWgw,mDiamAQvkxl3ypOmOIRRNQ,Y-U8k_GqZJ7M4yL-tqF7fg EE4oTcudL1_nUs0el6gXEA,fhTOXndBRz9wyP7uXJFHfQ,m2gFlPB4XylDqNiE7fJniQ
K_UPaD3j7DHk2V7XU-zHgA robjQuZ_BTnu0L_fr0scfA,sltcu3rz1o5kZZSBC8aGIQ,X8tlTaxkKmaB3rkXBkLmGw hsy-_PnYy-3V1MkUUNseBg,31MbFMLwFZQaFljIWhGlNA,Y4q_zBobudcXNfAirPDgRQ Lc8AyHChrmH42rBGKfp2Kw,odOXU5OUPbLzXDSh_nvaKw,sGaPrjoXEGs4_q_pzGNIlA F7gAWkxiO-UpgZ5nD-jOQw,c1rVqYRFohE_j845preETQ,Dy9OjuekueVnzyOkVySOvw k7Ejsn23g8MzRRGVBy-J-w,f6uHLwIqyBipJHuwDZHAcw,VMGKATIN4XqsergMAyxCLA
ZEKBnybANmc4QHu4RGTC-Q RE0Cr6_O1ADUsTgqoYenmw,e6dRo4lgGPNW5D2-8MTTcQ,D-fe-hwiuGz8G_2naqrvIg Nb6qBgBKTrHQ5piCGsUt9Q,5z1SRSOxT8FeAPsy_ogvwg,KnRKwm6VLCXen0Q_GoVLNw gFQF7uLXzzrqRUPcmhXQpw,jRlHqmZeHkU0BEN3d9zE7Q,scn9LBb84tgGGsbOroP0gQ UJsdYOFiiEh3RlP9f3Ta1g,BHotvc1zYeAy1G-inY_A7A,AInVJrpPBWfbhH0E0NJmzg N0GZTmECO6RiKhbt2pp5Aw,58SkL1rIZdtcYa-VReb_kQ,loJM1B4E2Nbig3cHckgztQ
zOZvCb3AGjbKwprFnlWvHw EiPUh0KpT_Lo10qG0Twcyg,nDcQgPccAhcajBOgmbo86Q,6HElKRlgjLbr3J2P13wrzg IYnasj0PPmnYgWPqApDvVg,rtEgErAUCqL-7962OFgHOQ,PFoME7sXo166ISuKbleegA Dn1O6aMm0BPjY6qmaag4uQ,IPuadl9HkhsUbSs8qhjH8w,56g2LEIojfAWzjHIDt78ZQ IcKLsNjeGv-OY_LnIexj9Q,eN_6MwoZADW9479faKzXRQ,m6aZPbdQgtJndupfqQSFNA PrUsUFDvuulIQbXR0w3mFg,31KbNMQSKoeIb2Kt0eyTNA,qdM0qjTwBqGb4MIHV2PH7Q
ymZ5eYI2dIKYOrHvL4UpUQ hqVnLmroyAuCtXtvj5WErw,nc49K4DpMqUMHpN20PM4WA,4-w0Y_8wdlJDAdXwrI9xPg IScqcYXv2z9ycwnVRKnhRg,3m4KZHqLS5k1_zgjR_QPDg,aLt_H1G4n014HU2I9HrcdA h3Lc84C5v1T5EhHaMwqOXg,cg2ha4kH3UksXt0Rn-Loqg,AtK4MKwAONBzdOHpdhUafQ z42LYGJjso0So8-_eg_TqQ,u4i22-W3CaKKOi7zMFH7vg,2gzQjabl-T61AV8MxziQ2Q XDnQhw97KVTAtTGvIANbbw,EE4oTcudL1_nUs0el6gXEA,fhTOXndBRz9wyP7uXJFHfQ
TOTV24WLuN1Obc8IPlpcMw 8NNwZi4gempq7dO7ekiV5w,nlwSsCJxnBtG2gl7TICOCQ,V9GC-gKD2vOILcLqGB5Imw n28Bb5isNi0AMjRRUeoqiQ,04fuCCBSAUwbmPD9sT0_FQ,wiPS0n8Fpymz5op27EgjIg Yx-GM-zXO2vcwqEn2-d8YA,A7Y3Ah31a1X_Bh7UZS5KIA,A98Avmmvt1OVpWBAGct2iw TAD6BKZOqM1e9aEkwdm3VA,UgdrOZ5JkuOmwoVwTgHa0g,M1010ZqhkQYYAX1YABhjRw D1bt0JhpayMUFj4r8hKvRg,RkqLIKVHe4jcVGCK_Fw7cw,JwNBHJjBxIP2vXLIR_G2gA
rpbF0T5R21tvMS2Izj6_HQ VBhOO_DV9AMtrCBdEg39IA,_qLwDOh1rhtPc7tVsII-wA,-sSqPMpmsbwv9iAjgKb5sQ rdYq1TlnttyVd7foXixW2w,2hgRts8v-mMpI_6dsxwfVw,XfL5btkDEXMOvKmriBuD-w hPDxT3WBuZOiTiKvuvxsAw,a8xRQAO6SCj4XHKyxHSoXA,eR1MXi8g4Ov-Ewve3KgwvA KYlgeVH6p2Tjolv5KTTpYA,DXJzM-91fA9htPXGLYDrHw,7KLx8Tf_F1dCDTjfalZtLw fOv8CbCELbxCjFjHA3cLHg,a5reIraYYgiQ378Twp6MTQ,VwH1MfkXSHl8D22AaXXkHg
60tbw8vSJeZM0560ekrI-Q PNfoUxQ7OFswKVfapH7xgg,M-rVMjTLQvU8AAIabUFdKw,gLI76cNSs8PeHaBGtjclUw WHjd8wSd-xxO_Z-rFzaMVg,AKEJbEYvsetZMuucY3Fzdg,Eu_wVNgRCmSxIixy_HjcZg SBzsjn8mmIb5y6ztX322jg,bhwcuNdhp-xzslqbY1C8fA,g8RSEGMU1Y7TTYyOJsD2Sg U5MKvfJYQap0an5B1FTVYw,87iT5CChnmcVVtHtRq5OSA,MUEb_Z4H5bX-r5IJTqNOaQ w33FZqn8yedwc-OjYfpQyQ,p9woqlY4hITsieB6VKKHLw,2Rcu4YiKCFQLPqLoJqXEVA
yrUwB11nmtP8LV1jp9_RsL klnxkDzICuJNAGx0eqtF_A,MBbjtAMrSs8M7b1kpxG-HQ,fvWKgDc2AseEaCd6p8CUNw CoCUbfQ3m2nlOKoL9mODgA,tsUw2GLkpnKJOluZy501uw,Jd2Wqzzs79O4cKYyt-fZrg Vleq6zbg_Uz-HOVzcZqYhw,it0IpPpGL45ku9nuQl6bVA,5oCRB-UKKxsiaTjKUdRIKQ AnBo4mi9gOdgrpWNVGTXnw,8Yl1_ujecMFymI-XO98zrA,fN4kR0nn1Gls7AEB_m3oYA WJnnnEtuWMlAwrW7J_OmaQ,tI5EUDFxnPGuKScsVfiuhg,NJuDH8sQJUUfkzHkZVU5YQ
xUrloBBYAPwBy3_VnpdFbw 9EaV096ncR7tWZwUmi-PTg,uCXYvgLz1tmhNH1W49uxqg,ztztnpyIQfpu9IW5n435sg Mk0Ymqbo8uGdc0Q6IccaRw,XH9nnjny6bz_Rbwn4RBXzw,FaGW3-K_fhKYXHXXXY4uvw nSi9qI6I89Ts3JgsP-xjOA,KnHSAq5iv8iUC4mI670LTQ,IScqcYXv2z9ycwnVRKnhRg aw-Sqheh8ZvkRhaW4M4rIw,cpSxvJMXlVzdlQdlwV_efw,o1FHOjdFZE4CNy7gyNfsxQ hNlLhVQGsIjFQS6gi7tSbg,7mSwQSFCpsEV-pXlQyWPuQ,3hBMyEsWrEcQUw4n5rPAmQ
Y8gq16EfWx466i9Rfc_ZwQ pOoHPkXSlqtofYFlDqqYHw,hJ0za8wNiPxDU0N0p3mNmg,VBJ1stFx5sYX6rJoFU6qQw V9GC-gKD2vOILcLqGB5Imw,B1BJcIFR2Ef9GV5_soqbzw,n_WCLVAzG4cjR50nEFVGDQ HbSFWJ6OaRc8HMV5iJ-xUA,uVnj-_tVVbkUHp0FSM2Oeg,vpYkiqu8mwJv0M1vEjwR9Q pCc9HlLYYim9pE59jOMsvg,yx-Ljj2AY_pUZtb88kgZiA,wWXQWhLdUpdOrNpVgPoLvQ zwQJORORHu29VAmmteciyg,gAuHK8IAEiPloEoAcNQcjQ,LwwxTJk0IFyJVjFLDJ8ohA
uEPtH-JCHckHKQ-nRkqXsg tdYxb3u5ps6j3typlATuGw,BLfA4zUe3i5L7AWyvS9o1Q,oAmcT_sksI6GEOG660ZfBQ pNWUz5cn6DJIjPJykJw-XQ,ld39-aatMKtTty5Yikq_vw,A5LfNUcwz7xM_yj2fzVhng XAj2pYvCEkU74Stk0-eVrQ,kuxw6LYN58Z6d9XQnwPbWA,hnlGiELNt2WhQ9SAH-J0bA 5EBjYZoNQsB323r5P6H-HQ,WIudqz0tT51WPLwL9v-2_Q,ipX-8gTT-8aSKUBakvn0ZA vnhuNjWARNoORJ1IhnBgLQ,S7F1HKQ7S6iTmoxTmuuY3g,nCmGP3LI96HAP1VfYlE40g
GoK1ziFLArKShfVU4aUtHQ 5tOnumEeqRKued_agnjyQA,eVtMdvQQmBpfmPrnFx40OQ,XkOI01-H_vcYBSalL72gZg AcyQsIdiWJqDSnuqqGg6VQ,C-vnY7Axy9mFvEvzLrcGOQ,flkucOYGNgeOKiTE9i8QhQ i15kXP4sdBqwPsrquyFoLA,hNlLhVQGsIjFQS6gi7tSbg,7mSwQSFCpsEV-pXlQyWPuQ IQYvSYzXodHC4SiYtto_sw,S91ME9L9CF7BUCHlkkRI3w,Mdh7lNZSDhcxjyz-mpnRYQ 8Tqp32pMQS6tHPo9tJ-WeA,S488zZnHBHwfRNcsaNS_nA,tSsc8XAuABLMBEdJ_m8-mQ
kikyAYzrJkirJ_h6JUjLOA 31MbFMLwFZQaFljIWhGlNA,Y4q_zBobudcXNfAirPDgRQ,QKMyUySkTx74J8DY8ZLW6g e_DF29cbc4uMtycF4au2yQ,fkJmLSPe247wwm_zUqiKTw,d6zgaYzmRzmCa-EPzX62IA a3eadHMO4E2pfnwEqnsKGQ,ZEO67G281liPv3suBojaKw,fLQ6BdxHohLN6TtY9dBo8g PkSuB7LmeE8yiSMi0aOLgQ,JknNd56gJZIugNjIGEvyTg,PyWUoMAw3ZACPghACFKTCA IngBtI30R2xZWfHtyXHQwQ,hPDxT3WBuZOiTiKvuvxsAw,a8xRQAO6SCj4XHKyxHSoXA
K4htAalR84tY8lO3i8VYbA 3KAm9EKUTx3odMFrl5BSrg,xjI7j76ZtZRoco_VBvexKg,LaKlMautYacl4FvEwN2gaw Fy4tPpIww7fb5aZyypq5ng,Yi5WjKZ9u3EmKwFgq-PrrA,oHbRs3dvBYN7nrN0gBSi4g EHsYRbI0j_mKOzxaqdfCFQ,HEe45mCbvxwNJjpgBBO7zA,35zynEws1a9v_tXGT9qI2g 1UCxiFG0hHx_dCbDP08zqw,pFvzkTtx3CQgImjVn_0x6g,XawVpzxrZEX5mzTss_xfxA aG_60QoG2DeDDDTbuICkJw,UjKcDhpIW3ZPkQeEha1qfw,nKHbAxpPJuZTjPSlviWgAw
7iQMuwPhHCvYgktAZrfg9g 31MbFMLwFZQaFljIWhGlNA,Y4q_zBobudcXNfAirPDgRQ,QKMyUySkTx74J8DY8ZLW6g GIVzme-9ZI3T9H61Wq5GUA,wb-WdpmtkL-prr5faQlCDQ,PqUuQKZsaxd-9FmuBpTGhg l1Cv0vKjfteDiNI-NS8b1w,AA25kTd4vg9lAbvusDrLig,sTeMsQv-wevjfbtUKpTl_A 4wOzrio2BkyYzlA8kqnLRA,6rLCfAdEgc2snoZ4CHgJTw,VBGarvPDLZSJlXWNBc_TEw AQ-nbHBdZjzG1eVqYGqgFw,mbB32y7QA353KW8A5tJcVw,GIVzme-9ZI3T9H61Wq5GUA
rCPVDDPM91eXbfSewmU0HA zGbx6wLWtUd1LfsWbNTC-Q,v4ABTw4RgVphVugEe-4sBQ,OD6659cpNVsMhw2VBLSZ6g -wzLEe7ZOl8R9eiQ3Bu_Jw,EkMlEOhsR6o6YFtKX0QQ-A,_CEOhcwVPYuivZBhFDBQlA gT-UQkp3iGt4mIQvl8ZDlQ,VMziJjwVXx6IpWhWwmUfJg,VO9NmYgFVlMJ29MSK87TBg 5X-YULV7H5jgNQqRXsXUGg,x3YlG_VvJy6-ZebR-F-P2g,uhpp-4JWsnPNc5GfJPXGnQ PBpCD1NpyoJnnDKLMZa7XQ,HajktkVKkwrfqh1fAAOAgQ,yHWel5ZNvgWPm5AdJVsQJA
h8deZqPl0XlPIRtY9rdi0w AQEPgpr5rSIxCqkIkDmkmQ,UJytLfETHRxGHjGiqJ1M9A,O-6lu8xJM3nCdSjj3luYPg A98Avmmvt1OVpWBAGct2iw,vx286XWMLd3dewgXDtkHug,F6Pm8CH951cUlNT-PmFSAQ BhanBOGdgues74xWwQFPXA,ZSl4OcMUWO4l16pY9nes9g,Gd_ni5xx84RvHArOkb8eBA mw5ucmlDaASTmb5sqQlmrw,Vleq6zbg_Uz-HOVzcZqYhw,it0IpPpGL45ku9nuQl6bVA MX5bgNUVCPn8h_lkcDFt9g,HCXSj2itiiEzfB4uMVR6sQ,Jwy837C1DRJQJhqHCUzbxA
Ec5INO1LWgXwK0Yc9RrgVw KP1kYqzXP_b_5Kc5nX-hOQ,REFqcxycrOtgMXDwddeKLw,RPQlFh6cUE1Dw0u7ayKjjQ 9O82Yiv3ixTzxAk8lj64qA,a3eadHMO4E2pfnwEqnsKGQ,ZEO67G281liPv3suBojaKw OehPk8P6bDvil547CePdWg,I8b3vAqJgsD9mRZBfjaLHg,wiQpTrK1Iino-uTuJdR4sQ P1p8m6HzSKPIZiA_2ETnkw,ZGF_JDDepzFREq2C17luPQ,09wZRvgDUTGPv5v4uHVH5w SGRdUC4K8r46xrwtbeOXVA,e69hgxRwxAvQo-OaMVc2Kg,QuVUbzdZDP3biwEn42o3rA
LPOfWSfXOKIwnyCdd8NThg 6X7MCK6Ay2ZoK7vNktlIJw,yKIum8dnPKO0cbROTb3Prw,dRD1sLE29c3gaOL4gSYRrQ KYZ_0KV2kttaIHqmhT6cjw,LQztdbYqxpeFOtiAj6v0uQ,D8Fd3IyOcwL9M9Ag4r63Og s0NbUXphdFwPXttoCo3GRA,qhLYCrm-Qgkp2rdyV_C0YQ,NUfHLdgDSCM8w1MBHmgLaQ d1fUIqpTxRN_dqavhiIKrw,R773qFNP-XyEMp36XvhnXQ,2rlDvH_J27Qe2snempwGdg 6EMiVMe4EZnSgZzFBWjwdQ,PLd03J1yhF25wZUcPU1Oww,ni5k0nsCzB7nHdG-8ygf8w
p1sWOXv_4lUdLN8ru9sj9w t0z2QIWii1axmPg7zdJ7Rg,w30ElaWsXEKISciJP_dN-g,kdseDYzxQs8kDNrm7-Q4NQ Zb3-ZhRKA695OQFoXHtJaA,U4rpCe-m2EZGCmux7Ix7YA,tfvtrWyWHlubb5JslurFhQ h7HUi-BPpdmh1KGYeY040g,iqy0xHVyyupLhUJBwBq_pQ,NRmCC0RNqO31XrY3d0UnGw bGBFzu4iP4cMEIAKehh_bA,zobdL2eZeGp0nfY68AbkCA,6FFxIZTQZzuqM1SPtVZp_g P0k44fAR5pV6yKnXddIi3Q,LUTIv965JP7av_hdlE5Sow,-FvImgTeYcI-bUPW4QDJAQ
EMOJ2XC_V4E5LRDHfevEUQ AQ-nbHBdZjzG1eVqYGqgFw,mbB32y7QA353KW8A5tJcVw,GIVzme-9ZI3T9H61Wq5GUA x0B58tn9BdqNY1GEXFxMog,f_jEMm9rP1qaAAt0wD0Opg,m4bX4NavvDhVzUTpUzqpHA 6g2UwzO4XJmk65zeJFHw5Q,9XV5wCWpIn86mzWKh4UWgQ,JcpltOJmbqLAkNWK-NOD1g N2BnjaywHzjhS6WdikqE8A,pcNAcOpMmTF9h1NJRmlBlw,0x8wQkOtZddXcKs7_Pg2ag XiJw80NRuHYKCdHwPmg5JA,HoTWwHJLX606m27w-MyBDw,lNEEuQ0grxODOsFMIs_ckg
RAckjZ8TuPd5ZqMjiwwlEA uqppb6-IG7iMSYtEy-lLxA,8vq91jFZasDXNhJoDmxYYA,OTA4veKGXFQ2CM8AWNHSXA v-Lcz5ypwDXiLl_idByMvA,PWuyRaxv6tX6PE5Fgz7EBQ,Qrp4hJIoHSRV7M_wmhtIIQ aZCMNXB0DPYNnEHkAxqPWg,pgmypj0JmYve1U59cVq5KQ,-wLkNhF9NWJOH4Rl7Xjf7Q KFLm8eiW8RTX5cy140Vbpg,cJ2a0-gfDpHBS9oZQdp5-Q,wkky6AgEnbKbzPSZ9hLMfQ 2rDzJUNQ79TZwtUUbhnXgA,gd6Yf_MkWU89CiwdmQMvIg,snbpbM5raT0TbVbvsMhbjQ
M0G_gDgKMtRVkDPZiEhQhw E3WwTk2YzAnCKMejt1ropQ,cLHaMQaDWpeYbXYaCkdaXQ,yPFr1vukqyaoiyE5hzEgDA slG9LJv7qCtJUWjEs2RqnA,5_izldPZZ4Gz5q0uXrTjOQ,8XhiXSbHDzr3SBHoGLCiEA EZSBliIQQjkv_Isx8RPI2g,n7kvu3Xe3SzuMZU_iW6a-Q,zOSL5o-DxjawddTyGHGr8A NLfIoidbxY9zTUvj8TeoTg,oNChaG_F_ciK2cgDgEWXzw,N6HvUtjXtYKb7YWZlFOu7w 1NC0V2EuS1QUaeUxYiLBjA,SsTeOBxAgokFZUJl4N0kLQ,JMyvAa22e9JIFKN5TlJ1Hg
drKfhkQtrkapk3lYeT-RCA qplN3RRJlqmCIBZoBTtcoQ,ED5q3PkD88508ea-L5LP1A,MHRYhEsgpxIb4-_WSMv0-g WaQPvubDVbjcA1UhEmlISg,cZBAPD3qnNg-s124Z7OFCQ,YluwNWFlgfrDI_nmwWHwuw sCw8worGigbuKJP2wGMVHg,dcAGEB6_w2GQd53BpRptPQ,63LFOOcYoIp4AVP2Z_y3hQ LaKlMautYacl4FvEwN2gaw,FSZSZQwTxVsohT-CnL2P1Q,xtWUYW6H824_WmWBc5hiuQ eVnp9MCM0DBjt8p5LuSaeQ,15Ed5QZFbFPqPg_g5wNYIg,xBn5zCpLSQkBZ-L-PmDeGg
6frEIiYLTamWVuuAIzQMSQ TZZASHVyX8JX4JCtjaZu8A,M9S7t_S4lD9TrrRy0NiCPA,K9IZuw6J7BaBakVP7XujYQ hVbu6uOqhg_f9qqdQgJCFA,piY1429TNwcQozAHjnOmGQ,CbvYMJOYDh4ME_sNuwmvYQ Mau2ezGitDrp9fRemREvNg,sQcIh3zEoKlSiWcMF4B_uA,GGEvdiJgoioaC_zftWoESg a7KvKVrCW4qnz3KFyJsATw,mKRSTC3nJd2vA9aS1Fs3YQ,4OO7r9xJoXDunxeIk4n0Mw ZDsqGXHKfyGc_qaBBIAX-g,-YdvCVg-z94Ck7HdMKYpFA,YKEUwvrYA_DD5hv-7vtf-A
dO7_ZUMR1tQ1sOWtZx0_qg ISsLaWgCbupAL1YNqR6hbQ,IDLXOenjVwtQFNaGFcLyqg,EiPUh0KpT_Lo10qG0Twcyg ejbmCoIX3DxYH2zV6htT2g,ntnJNBpCkPjgM72JJoz-wA,58Nq-sj3dfMoSOe7XdWW_A QhlYwoJA8kP1BamBE004Gg,obpuWSSrPruRQcQGDkQ97w,eUPrs-dfS6QqvWpzP2esdA IMH8cqAEwJqiM6xmDixHpg,Y5I781SHdedRNmRs97xOBg,inxWVCtMInyJEIMvNgArsA zIwtZaNMgHD-UjyFZQZvAg,fwha7F2JegZIi1nBGgYNeQ,lPneuWAISnhrfcOfipy3TQ
5b3GXqkP2WRQU46lwqZTtA PGEYHoHxEybusl-2UxYOGA,E9lw46RLiZS6uHxO8UYMtg,z-_qUNX3DWSlo-TO_xsnfg 3tL0yzG1pjYWX7UILyn5lg,3y9GaaB4KeDEAiBVktXNNA,KCz45TcczPyGuZ12tyOj4A aSo5hh3ZmSqCuTmzw2fbEg,AxFh0mHzJsUIi8GYwoXKtw,V2iA7VZYfQw1k1FPtPDDsw U_O77ZO7GRJOHHCwJ3rx5w,_0fFpgb4Qy-K0FK6Y4qM0Q,9NbN7Vn0I20v10YJod5H5A 1loIR_uZQwTnzqtuxysZCg,9GYKSCBsIluFh8tqrm9QNQ,6MYeBgUy7I0rulIOvQvVqw
4BnpUxUrvukV4KjhjtrzrA _kXYSuNp42P1nua6wNSMow,rJ8D8TPnICkLK4tNgpNiEg,2FLqMCmmeZtv6-f7Ndpm1g B1-wBgD_mIXaBreHsvS1cg,0d_9sRfS3KhX6XPvbQ3jVQ,86g-Omegv55xt2rLAis8ww snbpbM5raT0TbVbvsMhbjQ,ESveOI66cLpDqBBnPLxzTA,3v0_3g-eb7ALFAg9A1kb-A yxaiVu-EK1NgRwMQIwGNVA,uuocBX2QYPJyQFfGt3ZPQw,Vqd-ok8ZkEGpV8vWfo6W_g 5f1hTe74Mx_VNoUpaIkjfw,qk-U4gaAsqFr5D1JkUoNfQ,jzv4erLQ4e1gHm7Z_C-zIw
BvhohGRcJLIkN0p4fnV-fA ynNfS1S6v7o0KXYvLoJmDQ,LaQo1OrtZ9y2DQM20UANdw,CRHAqVSjQpGXcJS6d6Hfnw WYtysY-NGgFFnKuALQf6ww,_EU8VlaTNwGCIm1-V3WqXw,L5RYwv-wWdnd8Hr0tZnhgA JUZxLbYiiAFQExibPPcTGA,x2N7SsCpM7jzUxjYU3oQvA,orbYs0aQY1hxkR5woiyNLg o2YaaKBmtcEaZjcJfiJOwQ,300R7m11L_KDkZdV3Z7ngA,B73oUrC1VE2gNDyxcV9bKw wc7qFHCemfSeBWrqDT9ROA,syDwMRfg-Bnif_KVfz35yg,RE0Cr6_O1ADUsTgqoYenmw
vnXWjjIRvV71Nha0Dfgeew sgUMmbG2h9zwbXfxrAMnoQ,zYY6C5XMViJ_dPnaBjSwCA,--BQjkYmrdG2NHLHNduBgA bSUZMMINp3XWO8TdT1IbzQ,oJJ61C2X0KvLW-fvkB0mrw,KwnCVgegseytyXnLZqa60w _yf-zgkkezAb7NhZ7eK30w,CEtfc67Z9nXOH-BnjUGalA,OyWUlDA0nQXhtkA0SVtvGg QM5JSyJK7UhpFMRcSlqb7g,AikE2ifPEJTBDcEK5JHm6g,Hc4wdyEVJx2UwgwOenueBQ 4gSfHPjUWoeh3JrNtwlRpw,BZJnlgsG-MDdqXcsxVY4Yw,ihxkBVL2-Pfu_66U-C2-_g
YHlNGCnuUjOcSeQJ2aDjyg -wSegV4X8MTvKuzL3BqNKw,PYKYLRRDSxyDbpW_5s1w6g,sZobLpb9gELfURNJL1IjLQ 3e16ZsHFWU7xWlDpM_qP3Q,4QPPQXlfLpoawgIupNU-VQ,hCLu93dFjCCNxatoyim-Nw NIbhhStZ5VQ4wQTQvUnnqQ,v2dTlyO-IRBRgXBfQzpAuw,7YmGsPj6bFmJK9ymQW_s1A u9qee9sONJDcDvUf3up47A,htg4RattiUJUU_U5P_h22Q,fo_jZCthW-f1dgC8cn308A z9-2DBkP1WEIq20UX0yFaw,bLl_tmmL7R1ooYZ8IkWJUA,ynezVZRowoMCwky8_uXydw
EJvjfJPlojbLkeraodo1PA eU2E1AW-t2zoqrBvn1cgfw,HOJsDADLFovgquTCFlYsSQ,mQQC-TYvawpdXbHuQpwWLQ k47-cS7sCbAl0vY2ZHZI7g,Z6Ac9P482uNVkXTxb3tlYQ,jwAGUvZUKNcbomuNI-H0sw G4a55Ys6BeRMJFpfaYQyYw,2AJ6kHCsE48TTzHS7X6vFw,3jwViGmMmVhTzEUB3nS45A Yzv6AB_YgnUN4MEoU7-otw,q1N-PBOCdE9xg9IzUJWddA,1NC0V2EuS1QUaeUxYiLBjA 3jwViGmMmVhTzEUB3nS45A,HxKZuGoE6JAY_2h8dbdf-g,t-c3HkRi7xZLrL0sPoMidg
-nhCCSRwlsxqJsUbzqZvCQ sltcu3rz1o5kZZSBC8aGIQ,X8tlTaxkKmaB3rkXBkLmGw,iTPPpkWPEcU_AFIbRgNqZQ WHjd8wSd-xxO_Z-rFzaMVg,AKEJbEYvsetZMuucY3Fzdg,Eu_wVNgRCmSxIixy_HjcZg GsL-m8lUwRq-PQcBuNQrNg,JAnRbSP21kwQA_AlDzEZWg,KFLm8eiW8RTX5cy140Vbpg h5DrthTYKxBnaxP51Skh9g,LtwfkPrk6goRTJBjxCAzsQ,RYYrTlVbIRvgpk_N7TYgrQ tHzdXw613sNm-dScNDac9g,jn7Xya21cAu38QB5DdG_xw,LHF2m47eQoynfzVAl6auSw
jdBeqs7QqqLyG5_YgYCsRg y7lPMk6LxJDKpZqB7SCw1Q,5KsHFGMXQ56fxDbtavzKBw,2r2ya7nUQcdrrBneej6Icw DPqKl813gzyWEQ0r_RE28w,DPItgOmMJ9fjLvkCqCjynw,oaezK0WNZuIYAyXWwaIfhQ MzgBPO3_C3Y6RKKUQ65m8g,pfjJrSstCl6n6KZAuEnE8g,zwQJORORHu29VAmmteciyg cwqnLVCP63-9zQBZvT6W1Q,Yx-GM-zXO2vcwqEn2-d8YA,A7Y3Ah31a1X_Bh7UZS5KIA ID_0EsrWwAOJU_uTj2HLAA,Fh1C5rDRlw3EiDJcyD-KzA,jePT0Sni6nOYUmeZYK5Kzw
vm2KKcIs-v5PYABVXghdJQ d4o6nYIZZp0EwioGy3X6Hg,18cdfhj5htVS4Ta6qGD8vw,lGwEtJxeE2PPmW1VY8ArbQ c0ssGeI2RKK_9jBK79HA5w,1gp2aERkI-yEwERXlxQ5fw,sRkSm2k9RRsQjdLWnX-zjw pexS_zEJPbDOxWbnTfgbpw,Qg9yxVhF5nyzVpupGre-Tw,I1gddl_ylnbjFyS-oTTABA 1f16Ob6y3CobGQ2xG7dQ3g,NYdHhAVqJdU8lXqFUNHYSQ,s6po9-Z9P-81mkIlZdFCyw BkqGHLZPqgNlgPJR9XmhHw,eBX9-dIeQeZcKy59J56rvA,avtcUZgB_uxhjzPybaTVYg
TSDw3v5eL9nSMNSHpe64gw ItpqMMNk3hvE-92XZSBMdg,Ek1vO0HZFHbDmSvQ5R5kaA,uUwPTtZNePA2yLVDG6VWsw IScqcYXv2z9ycwnVRKnhRg,3m4KZHqLS5k1_zgjR_QPDg,aLt_H1G4n014HU2I9HrcdA FWsvOVnFnreqvOyi7j3nLg,A8aOPCbvdOW-M3kiAGCAng,0-4m0jPfiQAHj2iyda31pw UFAG96UJO6GMYOCHv4z7Cw,AQ-nbHBdZjzG1eVqYGqgFw,mbB32y7QA353KW8A5tJcVw ZvzeGzAD-KWxCS5RVJeadQ,XCafKVOw-LIkQ0b0vYWWIA,z7B6oDgJ8s1dC55Hrzw_xQ
9GjiySl3xykYGCo6o5ELbA z-f9_Tt2j3gTm9GKnRPgYQ,AnTLP7575MyQK0hQlvLL6w,aa10kPJnRDvc8uJt0w-acw hk58anrtIeF6-vCwpBTQxw,Sd59igUJX1hKp_2GmcELSQ,rufxKeRyt7H00f4I870cAA YBAuMkoWhj7TeThYmDmY0w,pS3a0VwZlIj6R6IgRCRtrA,Gzkx-2oTjJXY11BRYzX66w CNjEyYPWtCfoTYTJKvZqFg,hUCoQYdHFXJDdp5ps6_32g,vI4OmcFWL6PJ96a8Hxmphw PRX8qkeetXaat2IRDtPaFQ,57euk4huRYKERMGp2WTIog,9lceWVH9tBvemDFonGa0Aw
td6dzFqiZx62NHaNGaQRig nfaIHKFfpOt8acdVe0ClgQ,1DZGje1JsTA-GchyLdIYHA,bEhJbwPBkFe8CoMKjb3YQQ 6zysDsV5MH6e7AGnvV7vfQ,NoogqGnobzcZnZWlTnfCtg,MvZvOLE9D8tQYmFSp_M3rg I8b3vAqJgsD9mRZBfjaLHg,wiQpTrK1Iino-uTuJdR4sQ,pCc9HlLYYim9pE59jOMsvg ato6Jkt7SLJT3LDD45z7xA,3e16ZsHFWU7xWlDpM_qP3Q,4QPPQXlfLpoawgIupNU-VQ d0dYr7qi4vEPFXVeN9AFAg,Z_W5cxI85Z-M48t12TXKew,ktaP_XSY2aAfHg0KQOYNSg
FIrn9RnZHEDPMFtxoSod_A uO9L-mJ916TPak1vQwxrMg,nNihX1cWQIBsj1AWDzZyLQ,5tOnumEeqRKued_agnjyQA kmWcfGXfQBr7LF64qmnLAA,MrBJEGJHdGJa4_bGPZkMmA,pdBpoMmS2XwyFpNkaACXhQ E444a0vrVWoALoIS4BU_dA,p_FbUnOwlcGrXT0QYQCv3w,H9eExxlRRqgb9kGOtkXPOg -W5Gz7ngH17Xmgivls_ghg,DXUxSLvj8ZULCF4R1kpJ-Q,aY5o4L4z7haPuHMz36IBEQ dRD1sLE29c3gaOL4gSYRrQ,tQFoN7zvJtgTrIbOP_PDrQ,dEi7Hxe61WPIyO_6ayI0Vg
i8YbD40az-d7zfnDL0UEbw HABCD8fDMgcQaEA3QZITPw,JHNdCyfaQCy3ZY3LS4pbgA,WSVUI67iCIkgHsthJVSWXQ XwbDaHQan6y8871KwSjL9g,0HkaGQJfrR9isq2wbtootQ,U_O77ZO7GRJOHHCwJ3rx5w G40e5mO7NAawJKJTZsEAYA,4ukkAGHSfk8W4tNzXBgjXg,NMJ_3Gsa12biUMmUt1Uf7w ESveOI66cLpDqBBnPLxzTA,3v0_3g-eb7ALFAg9A1kb-A,6-1P-WITFzurqGDgxrplAQ PkSuB7LmeE8yiSMi0aOLgQ,JknNd56gJZIugNjIGEvyTg,PyWUoMAw3ZACPghACFKTCA
ZUk9a4hK8sbuKkdfD2sYzQ IScqcYXv2z9ycwnVRKnhRg,3m4KZHqLS5k1_zgjR_QPDg,aLt_H1G4n014HU2I9HrcdA bTNdLGzrQhw90E2jTPNaKQ,F-ceRSrfUyglKooVYFdFGg,mdUidZ8aym3AB_F100uD2A 4QZDyB-NoDzcnWKKeCyqEA,4ufZhBUwKJ-fN3nDXAqanQ,tkguCGVF9y6Y3Mtm0VkKdQ KYZ_0KV2kttaIHqmhT6cjw,LQztdbYqxpeFOtiAj6v0uQ,D8Fd3IyOcwL9M9Ag4r63Og 3LAMBk7Dofrr_ozaHgIqTw,LxIDo_J-eC5PGtThZ08mZA,Mk0Ymqbo8uGdc0Q6IccaRw
-fOHAPAq-KX4XPlg0JJPvg sXa_yL6mMdvPk7-HRGhBdw,b80UjQS9D8bzCHJE4wdFMA,gjkHK039wh8HOoti2mHvlA Vleq6zbg_Uz-HOVzcZqYhw,it0IpPpGL45ku9nuQl6bVA,5oCRB-UKKxsiaTjKUdRIKQ OtpZLcdOGZp1lvmxum_j0Q,gnjkyobk1WGYYl1TOJKA8A,N-fQ9ys7GgNwdH19W4UcMA 5gP0S9NgkAH6VD2ho3p8RQ,kJ8R_Da4F2rTxoHKchyQlw,15JkWX2oBn6Bg7BHnh6ZHA 5BKPtlTmM2nsMwLqUHa0Ig,CFICzeagdchrXZ8pZdXmtA,xMupm2k0xIqMs1VBtHLWgQ
lBseKRgoOW3apnPKn8YqcQ hBxWrSIWdIg0d2whylkNaA,tp5OdgAUlgCrfyJ31q5sAA,tauzPUGTiVlNEpvfeUthdA cl3YA_75V80rPlUuBt4lZQ,yIsIewjSeI1DkkBQZtptqQ,TJF94UPH2WfkLNyI-1j3gg s09i9yFN-LhtX2zkr8JfuQ,hUC-6KFj6xCsZq1CS9fv0A,eRx8pGjq728_PnvEHakknQ 069Z-I4zdU7jSE8n16cbyg,qpdXkzN49aPZNIYoMWWp4Q,4cd1sBlBsTGWLPQ1BGOXwg AszgP_Xhs_cmcPHEoXv-Mw,TnZggRzBl-WgxCmAW8v4DA,nHYiqTvdACrcPiOUfamADA
IwYKMnaZter64P_mYHevww pwNqJ5CurQrgAurzGu_TiA,PnncVLUg76CDngM7ZRQ3Xg,ByyGjro0IchP1s4E8XgATA ZaAjgbRzpoqmKTL0OIQ9dA,fEHNnp8fJ1N3DwylqeUZ1A,gtQNny8aPd6Afs_Cj7Bkwg 56kgw0xoLbK4aolDWKul5A,v3qFyCbOqtMpD9vmROiTOQ,UFRTJ2SXXhcSWQCe6E42fA QeDJPG5DaBoD7D4Gt4V7IA,kQDv4kLRIRTX31D-0-L4yQ,eGw0ccqc6LW75gM9o7D7Rg e69hgxRwxAvQo-OaMVc2Kg,QuVUbzdZDP3biwEn42o3rA,i3SQcVDu7qf6GSCoOoCaRw
-F7hOUVha_xHAoDddsUYdw zjcSfqRyc8zynAOGZTfLOg,GoSuW_Iaczp40MoBjzJdkg,1RM5Mx-wajw1Nbo7PHHTwg qpdXkzN49aPZNIYoMWWp4Q,4cd1sBlBsTGWLPQ1BGOXwg,6cl78tz3Z21y5yXikoSprw OyWUlDA0nQXhtkA0SVtvGg,l2lBOSr-UKcWRPw73n_XRQ,j6B1kHFZ7hciuqfsast7bQ zgdGKUjvrrO7n_D6F06egQ,cp62LS86owan6zqncZNWPQ,tQ3mVNJPbHHtoyRDpXhCFQ f_VAFsQoiLQJ27q_NnVjMA,s4WRxg7n4aWgGGWzatWgjw,sjkwl7RzKb4qNv5YmQTDng
8OfB8bEG101Q5hPTew33GQ CYbLPbRS5zBU4xKJTdLgBw,q_yWTSdWFkC_1hALfEBH2g,Jkct6Vvx0fJqEQjGf65Xow 5KsHFGMXQ56fxDbtavzKBw,2r2ya7nUQcdrrBneej6Icw,unWt3y0h7bmxlq33HqdeOQ _NlLxXaiEhScGVVs8Jwxqw,9z94TXOlX8dk0L2m_UVjfg,FPIl3s_9G01oU0geHVE4WA zwQJORORHu29VAmmteciyg,gAuHK8IAEiPloEoAcNQcjQ,LwwxTJk0IFyJVjFLDJ8ohA YXjbnRqUbSmUn8KkaZvg9g,uwGs1pyo90OJi4hTLzGWfg,k0Hs5Us5qCuSzrmIJS3aMQ
RGEZ5w4P6PxNacYVIaCNlQ PyWUoMAw3ZACPghACFKTCA,bIQUbkwbi96O-JI-CzqRPQ,Lqjc5vYEGPbVf3GYNyV4cQ qB9xs3vJeJz5oP3c2QepCw,9WfkdGq8azWjhnDQlGXS9A,pRwe3vKl1PhnyoOn38fjSg MCF4KT9hm7O31VTFNb2lqw,zIwtZaNMgHD-UjyFZQZvAg,fwha7F2JegZIi1nBGgYNeQ omVnB3wEXJeCHwmpKRSMAQ,jNhoG33Dug6YBX9h6ltFEw,E6LFNOJHYjUw1EQdHukwJA wUdMeoYn4CyuUA3WPFFHuA,EPWIBy53gPZXWhJQPKPyIg,tdYxb3u5ps6j3typlATuGw
muCMRvXBIx_7KODGv2h-4g Q1gjLoYXVTvQXzkxxG1sUg,b55UaxQcfmS4655Xp7mosQ,s09i9yFN-LhtX2zkr8JfuQ GkskqAbeF8NDn2Myy9tvjA,0qvZnPEooS8RBzKI5_ZRIQ,iKl8CzjC__GbUexmA8OmzQ Z-ZFLmQD3sp5vKW8Y6QhOg,xnyHiizgNX1CUCB3MYE7-g,KPIp18WqeO8HLrMbnUXv3w rYCzqQBfPF9jXhjLJdxoqQ,PuUdCzAW_JVi7HhUMl3SoA,YcONUhgrvcrzxpM0vHIEuw ZqBfdvTHtMa3imXmlJ6PqQ,__k9IDcc84lrDZ2r1ZJxmw,zmuQypWiiBvi32zVqbxAFg
LC9C80BtHSPfam7Fge65NQ psNgfP3tTJMkWe1pxMtx7w,G40e5mO7NAawJKJTZsEAYA,4ukkAGHSfk8W4tNzXBgjXg TcFvIYSR-9hrOhHrA3OrIg,mob-D8RzajOvRHmKIJq6Ew,5jH4U_4TNYc10SYH32wkVw WYtysY-NGgFFnKuALQf6ww,_EU8VlaTNwGCIm1-V3WqXw,L5RYwv-wWdnd8Hr0tZnhgA 3Nh44tmwpurHdFemEXYAkQ,Lf9TiGVQFMiF6SyXYjbdGA,IAc191t1nh9jiXgS02uiWg PpVGycTA6eDrJ-HmNF29dA,zGCuPDjEsQ6_aOVxorDxsg,f28VP_NseWN9Q8rFQCiFxA
QFaBGVGO299DGYXBq8sorA J8Z4Rqvc2pap882uLKACzg,4qcgQt0vqzdndWGi94_jyA,GeoVDMd5Ed_3JNh83asTMQ gAuHK8IAEiPloEoAcNQcjQ,LwwxTJk0IFyJVjFLDJ8ohA,x1kQ_3YIm3ZC4m9kmDrc3Q qvMsNJzvZ8Mq45aAEV5-JQ,QiXwMqU--ix_LBB3_MsEWw,sCeLtQzAYTFsYQEHChNXqQ W2V404t8aN2lX4JEeqpUYg,VU9NxKSgn2oGGSWPQweXMg,M7uX3y27ewpC60aRCLczow HnCxnCsQP9wpk1L86HarLg,S4HqbI4OuZRmwpP5sa3y9Q,Fl4mjDi0pOlHsvX0FZ9HOw
qchRwMvDSTGoSCdsjPF__A RaRANqvSM5DGUtB5plqPog,Njoa1q771f4QV5s8E0hGfg,P1fHP9nZ_9k0xYP0tnZtYg DdAt9r5JX2NjSUmzJqT07w,Ru3hO9crqyLjjICAxpWPhg,1W4_ZVXvoHlPXT04sUUWhQ qKB0OrKeNQ9z3zLR5oC5Mw,KT5EunloZS4otecyfeA0FQ,QN-h94jD2-LK-7u169p4BA yPFr1vukqyaoiyE5hzEgDA,-xoGjs74KfYOoct0Gs2DIA,v41d43ivC-azVIuFD9RADQ xD_sqNW_4kqLhCTN7y5lCA,UpN7Bd3IrgiwqCDS5t2M7Q,2Xl9nH-ChiH7ezp7S0YEIg
gkhAR8Cz858eNQPUWJUzdw x1kQ_3YIm3ZC4m9kmDrc3Q,YBIE9dW8tsNcqqcLN0tu4g,PNfoUxQ7OFswKVfapH7xgg pmbZYGtQvT-xvslcCiGOfQ,cwhDg4jIpdKVZJc53sZl9w,49qkcK51f1047Jfk17CXpg v3qFyCbOqtMpD9vmROiTOQ,UFRTJ2SXXhcSWQCe6E42fA,TaG-U8P-EV8IWdHbQnEDeA a52weRgPqm14NURGOC8EZw,h_U_paqU-GMPyRo5cOc1dw,7P8Ewn5uyOn-zHbreyKHhA 2FnTO6VyvMQhiEZICVZKsA,Hl6-HyCJdsYqZQZGyUklaQ,O9Nk5WUHr3AeDyiA1Me8MQ
tl_5lZNY_QUu1Obz8MHSEQ p33xpMRnQGRoLL2SbIcSUQ,Z3qKV316X1W6EbiM2EoaRg,qOtB30KWwS9tzQrLRPPTkA sXa_yL6mMdvPk7-HRGhBdw,b80UjQS9D8bzCHJE4wdFMA,gjkHK039wh8HOoti2mHvlA 2wQGyr3f7iMw7o4SjUkwcA,TqmbvdhMz5bFfOFbbdUSGg,1f16Ob6y3CobGQ2xG7dQ3g gUYHFcg9h7B5SY22zWWgbA,yEnum6grmvSOFXnTG4IpAA,53bbXmgm_cz_armcB3lPKg C7GAy-nHweSE_V3rxcXzlg,bLwuVebhc24mR8AEPPxi1A,dfc65vn6JFKtnM0muGl9Hw
CVl2i2gO6vZZ2eeun-o4jw N2BnjaywHzjhS6WdikqE8A,pcNAcOpMmTF9h1NJRmlBlw,0x8wQkOtZddXcKs7_Pg2ag -xoGjs74KfYOoct0Gs2DIA,v41d43ivC-azVIuFD9RADQ,WOpd6Se-8YwCmAKxhKXh8g Fy4tPpIww7fb5aZyypq5ng,Yi5WjKZ9u3EmKwFgq-PrrA,oHbRs3dvBYN7nrN0gBSi4g Fl4mjDi0pOlHsvX0FZ9HOw,_z7p012e-q6XaicNXo42Og,U905Br6rkSu6cHKG3IsSDA I4g9ZXb0AJgMGo9RbbAQ3g,5CbgPDMgUE8zFi2Ng2WJJw,VbUlZJuFzEwvIQd8uegXHA
dwJFY--NnGSA1TIgO2i4Jg IQeoa1oKdoPIJUZT88pjLw,qJLBFYODqTRYaRRo2TscHA,dVHWWZzH_AAwBoY99feVcw eBX9-dIeQeZcKy59J56rvA,avtcUZgB_uxhjzPybaTVYg,aeFxn6tuC1cQiBl3t19nIw U3SoYxmH6mxDHZnGTJR2ww,Dn1O6aMm0BPjY6qmaag4uQ,IPuadl9HkhsUbSs8qhjH8w _U10-URnzmpASs-JpJ77ig,ze_uUo5FUba9ZTg-IJ6z4Q,_g3SDf_5VeNTKdNjoKcpOA gq3BYAxl5PjmxcNL6WY3bg,LnbDa-YbaEYsOMEO9cC6aw,azY5eRQBS1__7A_BzJiaQA
sHawkMo6sVzaAAHtiRquMQ ORdK2Yamx0ladlPrjtNwGA,u7Gg40_ynn8mTrigOCBtaw,VByTZlEpEcCIks7yNFtOHg G-w3hrJwImJM2PFj6RFCAg,S3H3m6nbvTV1wxyWLJyp-w,wwABf6pGZPTVo7QQPm00hQ lgS3J397WN_EpOYWJkqGgw,Hr_WBQkLpSFZJ_nwImmSrw,KwsklaBL-vzv-CIq9p_KPw GwlHmDQCedNzpl0r9kLySw,ERSHtb_EX1SjtDJ4R-HpBg,_U10-URnzmpASs-JpJ77ig JghWIHjIRFQRHoVP8KA8vw,6xhqPIajGz7uJ7Mv3aHDGQ,gJ-hZT50QoP_7JmmHUhRVw
Ncelzvm7-vLP0ALz4FM_pw Qg9yxVhF5nyzVpupGre-Tw,I1gddl_ylnbjFyS-oTTABA,vXXH-1642Hr3QSqAVHiVJg nkl7Ri0ZBsvy1h9-lqZo-w,HTSHnyXZj20ZZiGcuaidmQ,P7Y2W7Y4giY-qnW95wwmXQ GShIdRMACcYzhScpRl7wSA,z_iYMdsbQhGhv_dYTiL74w,0Q2xtcvV6zR3UzzXtAr_PQ Sw5n1hx-uftQZ04RoJ_4ig,GLyuI1HTjfBU5mPkyOpROQ,o0JWKMDSZfKONc_UB9bTjg IcGbw8vGEkXZeXnH6qkkuQ,Ew_687SMHMm4njZnYGe4nw,1cRG7Mv6kyklV80Y4gTbjg
uORAiuwz2lAJJ5J-dZ6-NQ cwJEFHicF22Q0BRWjQ6WOQ,8M0hL4zNl0gBe2y00y2SCQ,jNvFcgcSs29DGj5ySImTow Bmz_A0wQkYk-gL-BFNjvaw,77EuaboljeBAKbmOUaBRgQ,1OW4aiZf0cMcHAa58q-VJw ynNfS1S6v7o0KXYvLoJmDQ,LaQo1OrtZ9y2DQM20UANdw,CRHAqVSjQpGXcJS6d6Hfnw L-J4kZwTTV8exMzXjAtG8g,hNptDb_yURZqQaV7BxDwlw,SDlhUf_8enT6CD3y_k-PyA Kwk3NKBNrAaKc8zR8ZnMdA,LcjBmBFed7gPJdEumuPBqg,lWGUFq38hDz0-BVAwdlZ2Q
qyStKmyfW-6cEpF_eRSuGw PE-He2M1hlq1W75wWKA53A,wV5BBTrFvfp54_zz-Flr1g,6WlvT6rYXwTX567snTd_xQ mNIB0ago4y-R59SH7CCXuA,AHBuquRLWpjakExjlhRouQ,slG9LJv7qCtJUWjEs2RqnA O-6lu8xJM3nCdSjj3luYPg,9EOLh6wppiDHnhLtXykVAg,IJVZJe4qw9XkgUiJ70oPnA GP7zcFpsOtU-YbuESDWA7A,8SqUNReLM2F_gZTlAts1zA,yCCYA1QASB2_CMo1p-bq3Q I-CSP3R29tWtcVwhEAKuKw,rboEQxSjLSidG8DaoxCeGQ,MX5bgNUVCPn8h_lkcDFt9g
JD8z6djC3XncE8r3eZ994Q qYf2JgE0CX91Bw-8d1tL5A,vJM12nADwostlqZILww0TA,f7Mn-Or1UyiIsR2fCX736w 5f1hTe74Mx_VNoUpaIkjfw,qk-U4gaAsqFr5D1JkUoNfQ,jzv4erLQ4e1gHm7Z_C-zIw DIOhlTj_0LvS0mTcg0XdtQ,vJWHQCamZUMx_QNsSkwbRw,q6IIRWAFzli62cPlwfZWgw E_fgEJymo0M7EkEJXpZxEg,3NOcVlCovp75OQO_3EDZsg,X4OsLG23QaDWPqnFx95HmQ Cqt9vEcAhlwDgz4WINa_HA,-0puuCvezCL10-FBmQeyxQ,hk58anrtIeF6-vCwpBTQxw
cLqib8__hJDf5_K2OUvcbA iOwV06VJABlxxLrWJ4oxVw,YK3oY649wmIZlQewO9mDtA,wkti2WI9yLQhdwHrsjpwzg tu-iUnToy_6UON79EZTftA,JAZECdT6CutxmFI1ZYQS9A,Z55fl36VHpzOczUFYVW7jg ts1Powy-xsOXAC8JIYY7-g,b6UomJRNHUeW8KUSCNzEsQ,9KYjSDeGO4DNCuVzHQL8Hw XlRywsfXnnPiOxDtPQOMxA,1d6M7rvi4l49Qr4E3RtQYQ,lbIPjxCycC1EoJ8Nnpb2iQ PNfoUxQ7OFswKVfapH7xgg,M-rVMjTLQvU8AAIabUFdKw,gLI76cNSs8PeHaBGtjclUw
xvB1IedPl5Wah379Hj1kjQ sBH0QHXV755pHwI04q1x-g,iCvinE2S1FLDlXUSt44QsA,gMU73zK8qiwHabEaqcsXDA AJKCxPTSnUHd3xAkDTwEFQ,-Z8KFK01ivaksGI4qY3sYQ,66VEsNtkn8xNtJniMng0WQ jceBiR2ta1m6BMLQApGW_w,i15kXP4sdBqwPsrquyFoLA,hNlLhVQGsIjFQS6gi7tSbg 0GcClOC4E0ncqQpt-J2mKQ,PUbZcgGXiD3uPRugUGyymQ,R9Y3dLdSRdYDcxDBlX9Gmg rdYq1TlnttyVd7foXixW2w,2hgRts8v-mMpI_6dsxwfVw,XfL5btkDEXMOvKmriBuD-w
VsKYllwow5AwjotgWqDODA ac2GYT-TntJKZyx5d5bBEg,cqjdQo-WvOJCKDV46xe9WQ,QM5JSyJK7UhpFMRcSlqb7g QuVUbzdZDP3biwEn42o3rA,i3SQcVDu7qf6GSCoOoCaRw,AA4fh-J6WyN64IQdoDRQbA i5tdgpz_rTRg3Q40Sg1yYQ,g9_oCMNgu2Nc442IG7QNTg,MSnj13ql7TVmMuA2ko4nEQ -8BckXyD5bKo_Ske57MJHg,I_Vc5Is9bCBMOBC35OssHQ,yxaiVu-EK1NgRwMQIwGNVA NvF7JLUP9_7opWafvtLprw,3jJ4c1M9GjxrTJUTBcDXvQ,Z9JXwu0tW6hA2rFGjl_bJw
